{
  "project_info": {
    "project_number": "805441271166",
    "firebase_url": "https://medalert-57aec.firebaseio.com",
    "project_id": "medalert-57aec",
    "storage_bucket": "medalert-57aec.appspot.com"
  },
  "client": [
    {
      "client_info": {
        "mobilesdk_app_id": "1:805441271166:android:13aff5bf5a112585",
        "android_client_info": {
          "package_name": "com.sep.medalert"
        }
      },
      "oauth_client": [
        {
          "client_id": "805441271166-86uo72v587r2197gbag2n79aobip51tl.apps.googleusercontent.com",
          "client_type": 3
        }
      ],
      "api_key": [
        {
          "current_key": "AIzaSyC7sjyPrLji2OFh2028JFdl8MghDyhKOMc"
        }
      ],
      "services": {
        "analytics_service": {
          "status": 1
        },
        "appinvite_service": {
          "status": 1,
          "other_platform_oauth_client": []
        },
        "ads_service": {
          "status": 2
        }
      }
    }
  ],
  "configuration_version": "1"
}